"id";"surname";"name";"patronymic";"organization";"phoneNumber";"passport"
1;"Иванов";"Иван";"Иванович";"";"+7 (999) 123-93-21";"6378 766352"
2;"Сидоров";"Иван";"Иванович";"";"+7 (123) 125-44-56";"1298 734678"
3;"Ситро";"Ситр";"Ситрович";"";"+7 (748) 284-65-13";"1236 554234"
4;"Кузнецов";"Алексей";"Игоревич";"Компания Свет";"89002345678";"4567891234"
5;"Попов";"Александр";"Дмитриевич";"Корпорация Мечта";"89003456789";"5678901234"
6;"Семенов";"Семен";"Семенович";"ИП Волна";"89009876543";"1234567891"
7;"Морозов";"Дмитрий";"Александрович";"Фирма Солнце";"89005678901";"2345678901"
8;"Ковалев";"Анатолий";"Степанович";"ТСН Грин";"89006789012";"3456789012"
9;"Федоров";"Федор";"Федорович";"ОАО Сибирь";"89007890123";"4567890123"
10;"лох";"петух";"аываф";"выаыфв";"+7 (123) 123-12-31";"1231 231231"
11;"Зайцев";"Виктор";"Сергеевич";"Промышленность";"89009012345";"6789012345"
12;"Щербаков";"Роман";"Васильевич";"Торговый дом";"89001123456";"7890123456"
13;"Соловьев";"Максим";"Михайлович";"Логистика";"89002234567";"8901234567"
14;"Лебедев";"Константин";"Денисович";"ЭнергоТех";"89003345678";"9012345678"
15;"Тихонов";"Григорий";"Анатольевич";"Техно-Систем";"89004456789";"9876543211"
16;"Килин";"Олег";"Станиславович";"АгроКомплекс";"89005567890";"8765432101"
17;"Авдеев";"Станислав";"Алексеевич";"Строительные Материалы";"89006678901";"6543210987"
18;"Калинин";"Василий";"Николаевич";"МедТек";"89007789012";"5432109876"
19;"Маликов";"Денис";"Владимирович";"Наука и Технологии";"89008890123";"4321098765"
20;"Кононов";"Никита";"Сергеевич";"ЭкоМир";"89009901234";"3210987654"
21;"Баранов";"Владимир";"Романович";"ЭкспортИмпорт";"89001122334";"2109876543"
22;"Устинов";"Евгений";"Михайлович";"ИТ-Решения";"89002233445";"1098765432"
23;"Кулешов";"Андрей";"Денисович";"Гермес";"89003344556";"9876543212"
24;"Ильиных";"Арсений";"Львович";"ПромКачество";"89004455667";"8765432103"
25;"Спиридонов";"Павел";"Ярославович";"Телеком";"89005566778";"7654321093"
26;"Быков";"Роман";"Викторович";"АвтоДел";"89006677889";"6543210982"
27;"Суриков";"Егор";"Романович";"ФинГрупп";"89007788990";"5432109871"
28;"Громов";"Алексей";"Сергеевич";"ТехноИнвест";"89008890012";"4321098760"
29;"Казаков";"Виктор";"Анатольевич";"Галактика";"89009901223";"3210987659"
30;"Ловцов";"Игорь";"Иванович";"Космос";"89091123456";"2109876548"
31;"Крылов";"Матвей";"Денисович";"Архитектура";"89002234567";"1098765437"
32;"Касаткин";"Станислав";"Станиславович";"МедиаСервисы";"89003345678";"9876543216"
33;"Никитин";"Сергей";"Игоревич";"Капитал";"89004456789";"8765432105"
34;"Корнилов";"Андрей";"Арсеньевич";"Туризм";"89005567890";"7654321094"
35;"Романов";"Евгений";"Максимович";"СтройТек";"89006678901";"6543210983"
36;"Широков";"Дмитрий";"Павлович";"Спорт";"89007789012";"5432109872"
37;"Фролов";"Николай";"Семенович";"Кулинария";"89008890123";"4321098761"
38;"Горбачёв";"Александр";"Артурович";"Интернет";"89009901234";"3210987658"
39;"Лесков";"Сергей";"Валерьевич";"Финансовые Услуги";"89091122334";"2109876547"
40;"Ивашков";"Юрий";"";"ПАО ""Ковернинский автопарк""";"+7 (952) 478-92-37";"2013 412345"
41;"dfsaf";"asdfgasdgsdgfsdfg";"dsfgdsgsadfg";"asdfgsdf";"+7 (131) 221-41-41";"2312 412312"
42;"dsfsaf";"safdsa";"dsafsad";"dsfasdf123123";"+7 (213) 123-12-31";"1231 231231"
43;"ывфпафвпADsfd@#$$@";"@$@$@$@@$#@$";"$@$$@$#@$@$@$";"$@$@$$24321423";"+7 ( 45) 423-15-43";"  34 523456"
44;"ываы";"ываыф";"ывфаыв";"ываывфаыв";"+7 (123) 123-12-31";"2321 232323"
